asenchou~Arunav Sen Choudhuri~user_name1@mail.com~This is about Arunav Sen Choudhuri~
matw~Matthew White~user_name2@mail.com~This is about Matthew White
ryanm~Ryan Markert~user_name3@mail.com~This is about Ryan Markert
shivk~Shiv Kumar~user_name4@mail.com~This is about Shiv Kumar
wesley~Wesley~user_name5@mail.com~This is about Wesley
vishalv~Vishal Victor~user_name6@mail.com~
ianm~Ian Moore~user_name10@mail.com~This is about Ian Moore
